LDR_62_2_18_SEP_18	62_Road
LDR_62_4_17_19_19	62_Road
LDR_62_4_17_19_21	62_Road
LDR_62_4_17_19_22	62_Road
LDR_62_4_17_19_23	62_Road
LDR_62_6_18_SEP_18	62_Road
OSF_E301	Allen_Cr
OSF_E302	Allen_Cr
OSF_E316	Allen_Cr
OSF_E317	Allen_Cr
OSF_E319	Allen_Cr
OSF_E320	Allen_Cr
OSF_E303R	Allen_Cr
OSF_E304	Allen_Cr
OSF_E305	Allen_Cr
OSF_E306	Allen_Cr
OSF_E307	Allen_Cr
OSF_E308	Allen_Cr
OSF_E309	Allen_Cr
OSF_E310	Allen_Cr
OSF_E311	Allen_Cr
OSF_E312	Allen_Cr
210047	Annie_Cr
USGS_210049	Annie_Cr
210073	Annie_Cr
210191	Annie_Cr
210235	Annie_Cr
USGS_210101	Annie_Cr
USGS_210114	Annie_Cr
USGS_210127	Annie_Cr
USGS_210151	Annie_Cr
USGS_210168	Annie_Cr
USGS_210260	Annie_Cr
USGS_210281	Annie_Cr
USGS_210288	Annie_Cr
USGS_211563	Annie_Cr
USGS_220327	Annie_Cr
USGS_220341	Annie_Cr
USGS_220356	Annie_Cr
USGS_220435	Annie_Cr
USGS_220449	Annie_Cr
USGS_210015	Annie_Cr
OSF_E328	Beaver_Cr_WRP
OSF_E335	Beaver_Cr_WRP
OSF_E329	Beaver_Cr_WRP
OSF_E336	Beaver_Cr_WRP
OSF_E338	Beaver_Cr_WRP
OSF_E339	Beaver_Cr_WRP
OSF_E340	Beaver_Cr_WRP
OSF_E332	Beaver_Cr_WRP
OSF_E330	Beaver_Cr_WRP
OSF_E331	Beaver_Cr_WRP
OSF_E333	Beaver_Cr_WRP
OSF_E334	Beaver_Cr_WRP
OSF_E337	Beaver_Cr_WRP
222209	Benchleg
USGS_222199	Benchleg
USGS_222225	Benchleg
CAP_BIMA_A01	Big_Marsh
CAP_BIMA_B01	Big_Marsh
CAP_BIMA_BB02	Big_Marsh
CAP_BIMA_C02	Big_Marsh
CAP_BIMA_Q01R	Big_Marsh
CAP_BIMA_Z02	Big_Marsh
OSF_E269	Black_R_110th
OSF_E270	Black_R_110th
OSF_E264	Black_R_110th
OSF_E268	Black_R_110th
OSF_E278	Black_R_110th
OSF_E261	Black_R_110th
OSF_E265	Black_R_110th
OSF_E266	Black_R_110th
OSF_E273	Black_R_110th
OSF_E275	Black_R_110th
OSF_E280	Black_R_110th
OSF_E285	Black_R_123rd
OSF_E286	Black_R_123rd
OSF_E281	Black_R_123rd
OSF_E282	Black_R_123rd
OSF_E283	Black_R_123rd
OSF_E284	Black_R_123rd
OSF_E297	Black_R_123rd
OSF_E298	Black_R_123rd
OSF_E299	Black_R_123rd
OSF_E300	Black_R_123rd
OSF_E289	Black_R_123rd
OSF_E293	Black_R_123rd
OSF_E290	Black_R_123rd
OSF_E292	Black_R_123rd
OSF_E296	Black_R_123rd
OSF_E294	Black_R_123rd
OSF_E295	Black_R_123rd
OSF_E348	Black_R_Mima_Cr
OSF_E341	Black_R_Mima_Cr
OSF_E342	Black_R_Mima_Cr
OSF_E343	Black_R_Mima_Cr
OSF_E344	Black_R_Mima_Cr
OSF_E345	Black_R_Mima_Cr
OSF_E346	Black_R_Mima_Cr
OSF_E347	Black_R_Mima_Cr
OSF_E355	Black_R_Mima_Cr
OSF_E356	Black_R_Mima_Cr
OSF_E357	Black_R_Mima_Cr
OSF_E358	Black_R_Mima_Cr
OSF_E349	Black_R_Mima_Cr
OSF_E350	Black_R_Mima_Cr
OSF_E351	Black_R_Mima_Cr
OSF_E352	Black_R_Mima_Cr
OSF_E353	Black_R_Mima_Cr
OSF_E354	Black_R_Mima_Cr
OSF_E26	Black_Slough
OSF_E27	Black_Slough
OSF_E28	Black_Slough
OSF_E29	Black_Slough
OSF_E31	Black_Slough
OSF_E32	Black_Slough
OSF_E33	Black_Slough
OSF_E34	Black_Slough
OSF_E35	Black_Slough
OSF_E36	Black_Slough
OSF_E37	Black_Slough
OSF_E25	Black_Slough
OSF_E38	Black_Slough
OSF_E39	Black_Slough
OSF_E40	Black_Slough
OSF_E21	Black_Slough
OSF_E22	Black_Slough
OSF_E23	Black_Slough
OSF_E24	Black_Slough
OSF_E250	Blooms_Ditch_Crockett
OSF_E251	Blooms_Ditch_Crockett
OSF_E252	Blooms_Ditch_Crockett
OSF_E247	Blooms_Ditch_Crockett
OSF_E248	Blooms_Ditch_Crockett
OSF_E249	Blooms_Ditch_Crockett
OSF_E246	Blooms_Ditch_Crockett
OSF_E245	Blooms_Ditch_Crockett
OSF_E243	Blooms_Ditch_Crockett
OSF_E244	Blooms_Ditch_Crockett
OSF_E241	Blooms_Ditch_Crockett
OSF_E242	Blooms_Ditch_Crockett
BP26JUN19_2_RAPR_U	Blue_Pool
BP26JUN19_4_RAPR_U	Blue_Pool
211751	Buck_Lk
211789	Buck_Lk
211848	Buck_Lk
211888	Buck_Lk
211903	Buck_Lk
212274	Buck_Lk
USGS_211861	Buck_Lk
USGS_211875	Buck_Lk
USGS_211927	Buck_Lk
USGS_211940	Buck_Lk
USGS_211958	Buck_Lk
USGS_212263	Buck_Lk
USGS_212180	Buck_Lk
USGS_212197	Buck_Lk
220677	Camas_Prairie
220730	Camas_Prairie
220848	Camas_Prairie
220870	Camas_Prairie
220892	Camas_Prairie
220900	Camas_Prairie
USGS_220141	Camas_Prairie
USGS_220182	Camas_Prairie
USGS_220689	Camas_Prairie
USGS_220915	Camas_Prairie
USGS_220944	Camas_Prairie
USGS_220975	Camas_Prairie
USGS_221056	Camas_Prairie
USGS_221071	Camas_Prairie
OSF_E41	Catalyst
OSF_E42	Catalyst
OSF_E43	Catalyst
OSF_E429	Conboy_Lk
OSF_E430	Conboy_Lk
OSF_E428	Conboy_Lk
OSF_E431	Conboy_Lk
OSF_E432	Conboy_Lk
OSF_E438	Conboy_Lk
OSF_E439	Conboy_Lk
OSF_E440	Conboy_Lk
OSF_E436	Conboy_Lk
OSF_E437	Conboy_Lk
OSF_E424	Conboy_Lk
OSF_E425	Conboy_Lk
OSF_E422	Conboy_Lk
OSF_E435	Conboy_Lk
OSF_E433	Conboy_Lk
OSF_E434	Conboy_Lk
43510_CRANE	Crane_Cr
A4470Crane	Crane_Cr
A5003Crane	Crane_Cr
A7466Crane	Crane_Cr
A751D_CRANE	Crane_Cr
A766A_CRANE	Crane_Cr
Crane03EO3	Crane_Cr
Crane21240	Crane_Cr
Crane3156C	Crane_Cr
Crane3293A	Crane_Cr
Crane3734A	Crane_Cr
Crane40354	Crane_Cr
Crane44536	Crane_Cr
Crane63F52	Crane_Cr
Crane87C6B	Crane_Cr
Crane9082A	Crane_Cr
CrPh2_5_A	Crane_Cr
CrPh2_9_A	Crane_Cr
CrPh2_D_10_26_Apr_12_A	Crane_Cr
CrPh2_D_11_A	Crane_Cr
CrPh2_D_4_A	Crane_Cr
CrPh2_D_7_26_Apr_12_A	Crane_Cr
CRPH2_D3_26APR12_A	Crane_Cr
CRPH2_D8_26APR12_A	Crane_Cr
CrPh2_sw_1_26_Apr_12_A	Crane_Cr
D1547Crane	Crane_Cr
E5C0ACrane	Crane_Cr
RAPR_CRANE_1_20SEPT22	Crane_Cr
RAPR_CRANE_4_20SEPT22	Crane_Cr
RAPRCrane_1_22Sept22	Crane_Cr
RAPRCrane_2_20Sept22	Crane_Cr
RAPRCrane_2_22Sept22	Crane_Cr
5APR13_CCP2_1_1_A	Crane_Cr
5APR13_CCP2_1_2_A	Crane_Cr
5APR13_CCP2_2_1_A	Crane_Cr
5APR13_CCP2_3_1_A	Crane_Cr
5APR13_CCP2_3_2_A	Crane_Cr
5APR13CCP2_3_3_A	Crane_Cr
CAP_BUL_A01	Crosswater
CAP_BUL_B03	Crosswater
CAP_BUL_D01	Crosswater
CAP_BUL_E01	Crosswater
CAP_BUL_H01	Crosswater
CAP_BUL_I01	Crosswater
CAP_BUL_J02	Crosswater
CAP_BUL_K02	Crosswater
CAP_BUL_L02	Crosswater
CAP_BUL_M02	Crosswater
CAP_BUL_N01	Crosswater
CAP_BUL_R01	Crosswater
CAP_BUL_S01	Crosswater
CAP_BUL_T02	Crosswater
CAP_BUL_V02	Crosswater
CAP_BUL_W01	Crosswater
CAP_BUL_X02	Crosswater
CAP_FWY2_A01	Crosswater
CAP_FWY2_B01	Crosswater
CAP_FWY2_C02	Crosswater
CAP_FWY2_D01	Crosswater
CAP_FWY2_E02	Crosswater
CAP_LOXE_A01	Crosswater
CAP_LOXE_B01	Crosswater
CAP_LOXE_C01	Crosswater
CAP_LOXE_D01	Crosswater
CAP_LOXE_E02	Crosswater
CAP_LOXE_F01	Crosswater
CAP_LOXE_G01	Crosswater
CAP_LOXE_H01	Crosswater
CAP_LOXE_I01	Crosswater
CAP_LOXE_J01	Crosswater
CAP_LOXE_K01	Crosswater
CAP_LOXE_L01	Crosswater
CAP_LOXE_M01	Crosswater
CAP_LOXW_AO2	Crosswater
CAP_LOXW_BO1	Crosswater
CAP_LOXW_CO1	Crosswater
CAP_LOXW_DO1	Crosswater
CAP_LOXW_EO1	Crosswater
CAP_LOXW_FO2	Crosswater
CAP_LOXW_GO1	Crosswater
CAP_LOXW_HO1	Crosswater
CAP_LOXW_KO1	Crosswater
CAP_LOXW_LO1	Crosswater
CAP_NDR_A02	Crosswater
CAP_NDR_B01	Crosswater
CAP_NDR_C01	Crosswater
CAP_NDR_D01	Crosswater
CAP_NDR_E01	Crosswater
CAP_NDR_F01	Crosswater
CAP_NDR_G01	Crosswater
CAP_NDR_H01	Crosswater
CAP_NDR_I02	Crosswater
CAP_NDR_K01	Crosswater
CAP_NDR_L01	Crosswater
CAP_NDR_M02	Crosswater
CAP_NDR_N01	Crosswater
CAP_NDR_O01	Crosswater
CAP_NDR_P01	Crosswater
CAP_NDR_Q01	Crosswater
CAP_NDR_R01	Crosswater
CAP_NDR_S01	Crosswater
CAP_NDR_T01	Crosswater
NDR_J01	Crosswater
212342	Dead_Slough
212343	Dead_Slough
212349	Dead_Slough
212350	Dead_Slough
212352	Dead_Slough
212353	Dead_Slough
212354	Dead_Slough
212355	Dead_Slough
212357	Dead_Slough
212358	Dead_Slough
212360	Dead_Slough
212363	Dead_Slough
221199	Dead_Slough
221203	Dead_Slough
221208	Dead_Slough
221212	Dead_Slough
221481	Dead_Slough
OSF_E169	Dempsey_Cr
OSF_E168	Dempsey_Cr
OSF_E164	Dempsey_Cr
OSF_E166	Dempsey_Cr
OSF_E163	Dempsey_Cr
OSF_E165	Dempsey_Cr
OSF_E167	Dempsey_Cr
OSF_E171	Dempsey_Cr
OSF_E172	Dempsey_Cr
OSF_E173	Dempsey_Cr
OSF_E174_R	Dempsey_Cr
OSF_E175	Dempsey_Cr
OSF_E176	Dempsey_Cr
OSF_E178	Dempsey_Cr
OSF_E177	Dempsey_Cr
OSF_E180	Dempsey_Cr
OSF_E170	Dempsey_Cr
OSF_E161	Dempsey_Cr
OSF_E162	Dempsey_Cr
DEEX_A02	Dilman
DEEX_B02_CAP	Dilman
DEEX_C01	Dilman
CAP_MEXC_B02	Dilman
CAP_MEXC_C03	Dilman
CAP_MEXC_D02	Dilman
CAP_MEXC_E03	Dilman
CAP_MEXC_F03	Dilman
DP6_A01_CAP	Dilman
DP6_B01_CAP	Dilman
DP6_C01_CAP	Dilman
DP6_D01_CAP	Dilman
DP6_E01_CAP	Dilman
DP6_F01	Dilman
DP6_G01	Dilman
DP6_H02_CAP	Dilman
DP6_I01_CAP	Dilman
DP6_J01_CAP	Dilman
DP7EA02_CAP	Dilman
PD1E_A01_CAP	Dilman
PD1E_B01_CAP	Dilman
PD1E_C02_CAP	Dilman
PD1E_D01_CAP	Dilman
PD1E_E01_CAP	Dilman
PD1E_H02	Dilman
DP1W_A01	Dilman
CAP_P5N_A01	Dilman
CAP_P5N_B01	Dilman
CAP_P5N_C02	Dilman
CAP_P5N_D01	Dilman
CAP_P5N_E01	Dilman
CAP_P5N_F02	Dilman
CAP_P5N_G01	Dilman
CAP_P5N_H01	Dilman
CAP_P5N_I01	Dilman
CAP_P5N_J01	Dilman
CAP_P5N_K01	Dilman
DSBT_A01	Dilman
Farris_EM1_C	Farris
Farris_EM2_A	Farris
FARRIS_EM3_C	Farris
FARRIS_EM4_A	Farris
FARRIS_EM5_D	Farris
FARRIS_EM6_D	Farris
OSF_E143	Fish_Pond_Cr
OSF_E147	Fish_Pond_Cr
OSF_E149	Fish_Pond_Cr
OSF_E154	Fish_Pond_Cr
OSF_E156	Fish_Pond_Cr
OSF_E159	Fish_Pond_Cr
OSF_E141	Fish_Pond_Cr
OSF_E142	Fish_Pond_Cr
OSF_E144	Fish_Pond_Cr
OSF_E145	Fish_Pond_Cr
OSF_E146	Fish_Pond_Cr
OSF_E148	Fish_Pond_Cr
OSF_E150	Fish_Pond_Cr
OSF_E151	Fish_Pond_Cr
OSF_E152	Fish_Pond_Cr
OSF_E153	Fish_Pond_Cr
OSF_E155	Fish_Pond_Cr
OSF_E157	Fish_Pond_Cr
OSF_E158	Fish_Pond_Cr
OSF_E479	Fish_Pond_Cr
4_MILE_BEAV_EM3_A1	Four_Mile_Cr
4_MILE_BEAV01_A1	Four_Mile_Cr
4_MILE_BEAV02_A2	Four_Mile_Cr
4MILE_MARSH_EM2_A1	Four_Mile_Cr
212299	Gold_Lk
212300	Gold_Lk
212301	Gold_Lk
212303	Gold_Lk
212304	Gold_Lk
212305	Gold_Lk
212306	Gold_Lk
212307	Gold_Lk
RAPR8_9_22_1	Gold_Lk
RAPR8_9_22_2	Gold_Lk
RAPR8_9_22_3	Gold_Lk
RAPR8_9_22_4	Gold_Lk
RAPR8_9_22_5	Gold_Lk
RAPR8_9_22_6	Gold_Lk
RAPR8_9_22_7	Gold_Lk
RAPR8_9_22_8	Gold_Lk
RAPR8_9_22_9	Gold_Lk
212222	Gold_Lk
212223	Gold_Lk
212224	Gold_Lk
212308	Gold_Lk
212336	Gold_Lk
212338	Gold_Lk
212339	Gold_Lk
212340	Gold_Lk
221106	Hog_Cr
HOG_WH01_212130	Hog_Cr
HOG_WH02_212131	Hog_Cr
HOG_WH04_212133	Hog_Cr
HOGCRWHTHSE212407	Hog_Cr
USGS_212134	Hog_Cr
USGS_221121	Hog_Cr
212226	Jack_Jameson
212227	Jack_Jameson
212228	Jack_Jameson
212229	Jack_Jameson
212230	Jack_Jameson
221510	Jack_Jameson
221532	Jack_Jameson
LJ8AUG19_1_RAPR_M	Jack_Jameson
LJ8AUG19_2_RAPR_F	Jack_Jameson
LJ8AUG19_3_RAPR_F	Jack_Jameson
LJ8AUG19_4_RAPR_F	Jack_Jameson
LJM26JUN18_1_M_EG	Jack_Jameson
LJM26JUN18_10_F_EG	Jack_Jameson
LJM26JUN18_2_RAPR	Jack_Jameson
LJM26JUN18_3_F_EG	Jack_Jameson
LJM26JUN18_4_M_EG	Jack_Jameson
LJM26JUN18_5_M_EG	Jack_Jameson
LJM26JUN18_6_RAPR	Jack_Jameson
LJM26JUN18_8_M_EG	Jack_Jameson
LJM26JUN18_9_F_EG	Jack_Jameson
LJM27JUN18_1_M_EH	Jack_Jameson
LJM27JUN18_2_M_EH	Jack_Jameson
LJM27JUN18_3_F_EH	Jack_Jameson
LJM27JUN18_4_F_H	Jack_Jameson
LJM27JUN18_5_M_H	Jack_Jameson
LJM27JUN18_6_F_H	Jack_Jameson
211594	Jack_Jameson
211610	Jack_Jameson
211621	Jack_Jameson
211671	Jack_Jameson
211686	Jack_Jameson
211698	Jack_Jameson
211720	Jack_Jameson
211987	Jack_Jameson
212003	Jack_Jameson
212006	Jack_Jameson
212064	Jack_Jameson
212086	Jack_Jameson
212152	Jack_Jameson
222014	Jack_Jameson
222027	Jack_Jameson
222045	Jack_Jameson
222074	Jack_Jameson
222108	Jack_Jameson
222117	Jack_Jameson
222138	Jack_Jameson
222149	Jack_Jameson
222166	Jack_Jameson
222340	Jack_Jameson
JAMUP17JUL18_1	Jack_Jameson
JAMUP17JUL18_2	Jack_Jameson
JAMUP17JUL18_3	Jack_Jameson
JAMUP17JUL18_4	Jack_Jameson
JAMUP17JUL18_5	Jack_Jameson
JAMUP18JUL18_1	Jack_Jameson
JME29AUG_1	Jack_Jameson
JME29AUG_10	Jack_Jameson
JME29AUG_11	Jack_Jameson
JME29AUG_2	Jack_Jameson
JME29AUG_3	Jack_Jameson
JME29AUG_4	Jack_Jameson
JME29AUG_5	Jack_Jameson
JME29AUG_8	Jack_Jameson
JME29AUG_9	Jack_Jameson
JME30AUG_1	Jack_Jameson
JME30AUG_3	Jack_Jameson
JME30AUG_4	Jack_Jameson
BP15AUG17_01	Klamath_Refuge
BP15AUG17_02	Klamath_Refuge
BP16Aug17_01	Klamath_Refuge
CN1_11SEPT18_2	Klamath_Refuge
KM10SEPT19_2x	Klamath_Refuge
KM11Sept19_1	Klamath_Refuge
KM10SEPT19_1x	Klamath_Refuge
K16AUG17_01	Klamath_Refuge
K16AUG17_02	Klamath_Refuge
K16AUG17_03	Klamath_Refuge
K16AUG17_04	Klamath_Refuge
K17AUG17_01	Klamath_Refuge
K17AUG17_02	Klamath_Refuge
SE1_11SEPT18_1	Klamath_Refuge
KM11SEPT19_1X	Klamath_Refuge
KM11SEPT19_2X	Klamath_Refuge
TW3_12SEPT18_1	Klamath_Refuge
WNG15Aug17_01	Klamath_Refuge
WNG15AUG17_02	Klamath_Refuge
WNG15AUG17_03	Klamath_Refuge
WNG15AUG17_04	Klamath_Refuge
WNG16Aug17_02	Klamath_Refuge
WNG16AUG17_1	Klamath_Refuge
W2_1_13Sept18	Klamath_Refuge
W5_1_11Sept18	Klamath_Refuge
BS_GAG_D_EM3_A1	KMNWR
BS_GAG_D_EM4_A1	KMNWR
BS_GAG_D_EM5_A2	KMNWR
BS_GAG_D_EM6_A1	KMNWR
KM_BS_GAG_D_EM1_A1	KMNWR
CHOL_EM7_A1	KMNWR
KM_CHOL_EM1_A1	KMNWR
KM_CHOL_EM6_A1	KMNWR
KMNWR_CHOLO_EM2_A1	KMNWR
KMNWRCHOLO_EM03_A1	KMNWR
KMNWRCHOLO_EM04_A1	KMNWR
DEV_EM04_A1	KMNWR
DEV_EM10_A1	KMNWR
DEV_EM25_A1	KMNWR
KM_DEV_EM18_A1	KMNWR
KM_DEV_EM20_A1	KMNWR
KM_DEV_EM22_A1	KMNWR
KM_DEV_EM24_A1	KMNWR
KM_DEV_EM7_A2	KMNWR
KM_NWR_DEV_EM03_A1	KMNWR
KM_NWR_DEV_EM11_A2	KMNWR
KM_NWR_DEV_EM12_A1	KMNWR
KM_NWR_DEV_EM13_A1	KMNWR
KM_NWR_DEV_EM14_A1	KMNWR
KM_NWR_DEV_EM16_A2	KMNWR
KM_NWR_DEV_EM17_A1	KMNWR
KM_NWR_DEVINE_EM01_A2	KMNWR
KM_NWR_DEVINE_EM02_A1	KMNWR
CAP_USGS_KMHQ_A01	KMNWR
KM_MC_7_EM3_A1	KMNWR
KM_MC_8_EM1_A1	KMNWR
KM_MC6_EM2_A1	KMNWR
KM_MC7_EM2_A1	KMNWR
KM_NWR_MC1_EM01_A1	KMNWR
KM_NWR_MC2_EM01_A1	KMNWR
KM_NWR_MC3_EM04_A1	KMNWR
KM_NWR_MC3_EM1_A1	KMNWR
KM_NWR_MC3_EM2_A1	KMNWR
KM_NWR_MC3_EM3_A1	KMNWR
KM_NWR_MC3_EM5_A1	KMNWR
KM_NWR_MC3_EM6_A1	KMNWR
KM_NWR_MC4_EM02_A1	KMNWR
KM_NWR_MC5_EM01_A1	KMNWR
KM_NWR_MC5_EM03_A1	KMNWR
KM_NWR_MC5_EM04_A1	KMNWR
KM_NWR_MC5_EM05_A1	KMNWR
KM_NWR_MC5_EM06_A1	KMNWR
KM_NWR_MC7_EM01_A1	KMNWR
M6_6_EM03_A1	KMNWR
KM_PEN_RD_EM10_A1	KMNWR
KM_PEN_RD_EM2_A1	KMNWR
KM_PEN_RD_EM4_A1	KMNWR
KM_PEN_RD_EM7_A1	KMNWR
KM_PEN_RD_EM8_A1	KMNWR
KM_PEN_RD_EM9_A1	KMNWR
PEN_RD_EM3_A1	KMNWR
KM_RI_Pnd_EM1_A1	KMNWR
KM_RI_Pnd_EM2_A1	KMNWR
KM_RI_Pnd_EM3_A1	KMNWR
222243	L_Deschutes
222255	L_Deschutes
222265	L_Deschutes
222282	L_Deschutes
222293	L_Deschutes
211419	Lapine_SP
211430	Lapine_SP
212341	Lapine_SP
Soxbow_1_5_25_22	Lapine_SP
Soxbow_2_5_26_22	Lapine_SP
USGS_212351	Lapine_SP
USGS_212362	Lapine_SP
CAP_RDMP_D01R	LDR_100_Rd_Mill_Pond
CAP_RDMP_F01	LDR_100_Rd_Mill_Pond
16AUG22RAPR1BEAV	Mink_Lk
18AUG22BEAVRAPR10	Mink_Lk
18AUG22BEAVRAPR15	Mink_Lk
Beaver_RAPR_11_18AUG22	Mink_Lk
Beaver_RAPR_12_18AUG22	Mink_Lk
Beaver_RAPR_13_18AUG22	Mink_Lk
Beaver_RAPR_14_18AUG22	Mink_Lk
Beaver_RAPR_16_18AUG22	Mink_Lk
Beaver_RAPR_9_18AUG22	Mink_Lk
17AUG22CABINRAPR1	Mink_Lk
CabinRAPR_5_17AUG22	Mink_Lk
UN_RAPR_7_17AUG22	Mink_Lk
UN_RAPR_9_17AUG22	Mink_Lk
MUSK_1_LF1_12JUL22	Muskrat_Lake
MUSK_2_LF1_12JUL22	Muskrat_Lake
MUSK_3_LF1_12JUL22	Muskrat_Lake
221615	Odell_Cr
221656	Odell_Cr
221855	Odell_Cr
221936	Odell_Cr
SCOT_8_10_22_RF1_1	Odell_Cr
SCOT_8_10_22_RF1_2	Odell_Cr
USGS_221631	Odell_Cr
USGS_221843	Odell_Cr
USGS_221870	Odell_Cr
USGS_221891	Odell_Cr
USGS_221905	Odell_Cr
USGS_221920	Odell_Cr
220215	Old_Mill
220226	Old_Mill
220241	Old_Mill
220281	Old_Mill
220293	Old_Mill
220308	Old_Mill
USGS_220198	Old_Mill
ParsnipLkLowerMarsh1	Parsnip_Lks
PARSLKBVPNDSITEB_1	Parsnip_Lks
PARSLKBVPNDSITEB_5	Parsnip_Lks
PARSLKBVPNDSITEB_6	Parsnip_Lks
PARSLKBVPNDSITEB_9	Parsnip_Lks
PRSLKBVPNDSITEB_13	Parsnip_Lks
PRSPLKBEAVPNDST_B7	Parsnip_Lks
ParsnipLkBeavPondSiteA1	Parsnip_Lks
ParsnipLkBeavPondSiteA2	Parsnip_Lks
ParsnipLkBeavPondSiteB10	Parsnip_Lks
ParsnipLkBeavPondSiteB11	Parsnip_Lks
ParsnipLkBeavPondSiteB12	Parsnip_Lks
ParsnipLkBeavPondSiteB14	Parsnip_Lks
ParsnipLkBeavPondSiteB2	Parsnip_Lks
ParsnipLkBeavPondSiteB3	Parsnip_Lks
ParsnipLkBeavPondSiteB8	Parsnip_Lks
ParsnipLkMiddlePond1	Parsnip_Lks
OSF_E13	Potter_Rd
OSF_E8	Potter_Rd
OSF_E10	Potter_Rd
OSF_E12	Potter_Rd
OSF_E14	Potter_Rd
OSF_E15	Potter_Rd
OSF_E16	Potter_Rd
OSF_E20	Potter_Rd
OSF_E1	Potter_Rd
OSF_E2	Potter_Rd
OSF_E3	Potter_Rd
OSF_E4	Potter_Rd
OSF_E5	Potter_Rd
OSF_E6	Potter_Rd
OSF_E7	Potter_Rd
17AUG22BEAVERRACA3	RACA_Mink_Lk
18AUG22BEAV_RACA_1	RACA_Mink_Lk
BEAVER_RACA_2	RACA_Mink_Lk
RACA_S10A	RACA_Mink_Lk
OSF_E227	Rails_to_Trails
OSF_E221	Rails_to_Trails
OSF_E222	Rails_to_Trails
OSF_E223	Rails_to_Trails
OSF_E224	Rails_to_Trails
OSF_E225	Rails_to_Trails
OSF_E226	Rails_to_Trails
OSF_E228	Rails_to_Trails
OSF_E229	Rails_to_Trails
OSF_E230	Rails_to_Trails
OSF_E231	Rails_to_Trails
OSF_E233	Rails_to_Trails
OSF_E234	Rails_to_Trails
OSF_E235	Rails_to_Trails
OSF_E236	Rails_to_Trails
OSF_E237	Rails_to_Trails
OSF_E238	Rails_to_Trails
OSF_E239	Rails_to_Trails
OSF_E202	Salmon_Cr_Case_Rd
OSF_E204	Salmon_Cr_Case_Rd
OSF_E205	Salmon_Cr_Case_Rd
OSF_E206	Salmon_Cr_Case_Rd
OSF_E207	Salmon_Cr_Case_Rd
OSF_E208	Salmon_Cr_Case_Rd
OSF_E209	Salmon_Cr_Case_Rd
OSF_E210	Salmon_Cr_Case_Rd
OSF_E211	Salmon_Cr_Case_Rd
OSF_E212	Salmon_Cr_Case_Rd
OSF_E215	Salmon_Cr_Case_Rd
OSF_E216	Salmon_Cr_Case_Rd
OSF_E217	Salmon_Cr_Case_Rd
OSF_E218	Salmon_Cr_Case_Rd
OSF_E219	Salmon_Cr_Case_Rd
OSF_E361	Salmon_Cr_Case_Rd
OSF_E362	Salmon_Cr_Case_Rd
OSF_E363	Salmon_Cr_Case_Rd
OSF_E364	Salmon_Cr_Case_Rd
OSF_E201	Salmon_Cr_Case_Rd
OSF_E181	Salmon_Cr_Littlerock_Rd
OSF_E182R	Salmon_Cr_Littlerock_Rd
OSF_E183	Salmon_Cr_Littlerock_Rd
OSF_E184	Salmon_Cr_Littlerock_Rd
OSF_E185	Salmon_Cr_Littlerock_Rd
OSF_E188	Salmon_Cr_Littlerock_Rd
OSF_E191	Salmon_Cr_Littlerock_Rd
OSF_E195	Salmon_Cr_Littlerock_Rd
OSF_E196	Salmon_Cr_Littlerock_Rd
OSF_E198	Salmon_Cr_Littlerock_Rd
OSF_E199	Salmon_Cr_Littlerock_Rd
OSF_E200	Salmon_Cr_Littlerock_Rd
OSF_E121	Samish_R_Mills_Cr
OSF_E122	Samish_R_Mills_Cr
OSF_E123	Samish_R_Mills_Cr
OSF_E124	Samish_R_Mills_Cr
OSF_E125	Samish_R_Mills_Cr
OSF_E126	Samish_R_Mills_Cr
OSF_E127	Samish_R_Mills_Cr
OSF_E130	Samish_R_Mills_Cr
OSF_E131	Samish_R_Mills_Cr
OSF_E132	Samish_R_Mills_Cr
OSF_E133	Samish_R_Mills_Cr
OSF_E134	Samish_R_Mills_Cr
OSF_E135	Samish_R_Mills_Cr
OSF_E136_R	Samish_R_Mills_Cr
OSF_E137	Samish_R_Mills_Cr
OSF_E138	Samish_R_Mills_Cr
OSF_E139	Samish_R_Mills_Cr
OSF_E95	Samish_R_Preserve
OSF_E96	Samish_R_Preserve
OSF_E100	Samish_R_Preserve
OSF_E97	Samish_R_Preserve
OSF_E98	Samish_R_Preserve
OSF_E99	Samish_R_Preserve
OSF_E92	Samish_R_Preserve
OSF_E93	Samish_R_Preserve
OSF_E94	Samish_R_Preserve
OSF_E89	Samish_R_Preserve
OSF_E90	Samish_R_Preserve
OSF_E81	Samish_R_Preserve
OSF_E82	Samish_R_Preserve
OSF_E83	Samish_R_Preserve
OSF_E88	Samish_R_Preserve
OSF_E84	Samish_R_Preserve
OSF_E86	Samish_R_Preserve
OSF_E87	Samish_R_Preserve
OSF_E91	Samish_R_Preserve
18APR13_NWPD_1_1_B	Seven_Mile_Cr
18APR13_NWPD_2_1_A	Seven_Mile_Cr
18APR13_NWPD_2_2_A	Seven_Mile_Cr
18APR13_NWPD_2_3_B	Seven_Mile_Cr
18APR13_NWPD_2_4_A	Seven_Mile_Cr
18APR13_NWPD_2_5_A	Seven_Mile_Cr
18APR13_NWPD_3_1_A	Seven_Mile_Cr
18APR13_NWPD_3_2_A	Seven_Mile_Cr
18APR13_NWPD_3_3_A	Seven_Mile_Cr
18APR13_NWPD_3_4_A	Seven_Mile_Cr
18APR13NWDX2_6_1_A	Seven_Mile_Cr
18APR13NWDX2_6_2_A	Seven_Mile_Cr
18APR13NWDX2_6_3_A	Seven_Mile_Cr
18APR13NWDX2_6_4_C	Seven_Mile_Cr
18APR13NWDX2_7_1_B	Seven_Mile_Cr
18APR13NWDX2_7_2_A	Seven_Mile_Cr
18APR13NWDX2_7_3_A	Seven_Mile_Cr
18APR13NWOXI_4_1_C	Seven_Mile_Cr
18APR13NWOXI_5_1_B	Seven_Mile_Cr
USGS_210307	Sevenmile_Cr
USGS_210329	Sevenmile_Cr
210605	Sevenmile_Cr
210613	Sevenmile_Cr
210652	Sevenmile_Cr
212047	Sevenmile_Cr
USGS_210393	Sevenmile_Cr
USGS_210408	Sevenmile_Cr
USGS_210428	Sevenmile_Cr
USGS_210454	Sevenmile_Cr
USGS_210492	Sevenmile_Cr
USGS_210511	Sevenmile_Cr
USGS_210570	Sevenmile_Cr
USGS_210631	Sevenmile_Cr
USGS_210736	Sevenmile_Cr
USGS_210754	Sevenmile_Cr
USGS_211813	Sevenmile_Cr
OSF_E61	SF_10
OSF_E62	SF_10
OSF_E63	SF_10
OSF_E65	SF_10
OSF_E66	SF_10
OSF_E67	SF_10
OSF_E73	SF_10
SCE1AUG17_01	Slough_Camp_E_Marsh
SCE1AUG17_03	Slough_Camp_E_Marsh
SCE1AUG17_04	Slough_Camp_E_Marsh
SCE1AUG17_05	Slough_Camp_E_Marsh
SCE1AUG17_06	Slough_Camp_E_Marsh
SCE1AUG17_08	Slough_Camp_E_Marsh
SCE1AUG17_09	Slough_Camp_E_Marsh
SCE1AUG17_26	Slough_Camp_E_Marsh
SCE1AUG17_29	Slough_Camp_E_Marsh
SCE2AUG17_31	Slough_Camp_E_Marsh
SCE2AUG17_32	Slough_Camp_E_Marsh
SCE2AUG17_35	Slough_Camp_E_Marsh
SCE2AUG17_36	Slough_Camp_E_Marsh
SCE3AUG17_14	Slough_Camp_E_Marsh
SCE3OCT17_02	Slough_Camp_E_Marsh
SCE4OCT17_01	Slough_Camp_E_Marsh
SCE4OCT17_08	Slough_Camp_E_Marsh
SCE4OCT17_35	Slough_Camp_E_Marsh
OSF_E400	SPS_Wildlife_Area
OSF_E381R	SPS_Wildlife_Area
OSF_E382	SPS_Wildlife_Area
OSF_E384	SPS_Wildlife_Area
OSF_E385	SPS_Wildlife_Area
OSF_E386	SPS_Wildlife_Area
OSF_E387	SPS_Wildlife_Area
OSF_E388	SPS_Wildlife_Area
OSF_E389	SPS_Wildlife_Area
OSF_E390	SPS_Wildlife_Area
OSF_E391	SPS_Wildlife_Area
OSF_E392	SPS_Wildlife_Area
OSF_E393	SPS_Wildlife_Area
OSF_E394	SPS_Wildlife_Area
OSF_E395	SPS_Wildlife_Area
OSF_E396	SPS_Wildlife_Area
OSF_E397	SPS_Wildlife_Area
OSF_E398	SPS_Wildlife_Area
CAP_SRFW_A01	Sunriver
CAP_SRFW_B01	Sunriver
CAP_SRFW_C01	Sunriver
CAP_SRFW_E01	Sunriver
CAP_SRFW_F01	Sunriver
CAP_SRFW_G02	Sunriver
CAP_SRNT_A03	Sunriver
CAP_SRNT_B01	Sunriver
CAP_SRNT_C01	Sunriver
CAP_SRNT_D02	Sunriver
CAP_SRNT_E01	Sunriver
CAP_SRNT_F01	Sunriver
CAP_SRNT_G01	Sunriver
CAP_SRNT_H02	Sunriver
CAP_SRNT_I01	Sunriver
CAP_SRNT_J02	Sunriver
CAP_SRNT_K01	Sunriver
CAP_SRNT_M01	Sunriver
CAP_SRNT_N01	Sunriver
CAP_SRNT_O02	Sunriver
CAP_SRNT_P01	Sunriver
CAP_SRNT_R03	Sunriver
CAP_SRNT_S02	Sunriver
CAP_SRDP_A01	Sunriver
CAP_SRDP_B01	Sunriver
CAP_SRDP_C02	Sunriver
CAP_SRDP_D02	Sunriver
CAP_SRDP_E01	Sunriver
CAP_SRDP_F01	Sunriver
CAP_SRDP_H01	Sunriver
CAP_SRDP_I02	Sunriver
CAP_SRDP_J01	Sunriver
CAP_NCP_B01	Sunriver
CAP_NCP_C01	Sunriver
CAP_NCP_D02	Sunriver
CAP_NCP_E03	Sunriver
CAP_NCP_F01	Sunriver
CAP_NCP_H01	Sunriver
CAP_NCP_I01	Sunriver
CAP_NCP_J02	Sunriver
CAP_NCP_K01	Sunriver
CAP_NCP_L01	Sunriver
CAP_NCP_M01	Sunriver
CAP_NCP_N01	Sunriver
CAP_NCP_P01	Sunriver
CAP_NCP_Q01	Sunriver
CAP_NCP_R01	Sunriver
CAP_NCP_S02	Sunriver
CAP_NCP_T02	Sunriver
CAP_NCP_V01	Sunriver
CAP_SRV1_A01	Sunriver
CAP_SRV1_B01	Sunriver
CAP_SRV2_A01	Sunriver
CAP_SRV3_A01	Sunriver
CAP_SRV3_B01	Sunriver
CAP_SRV3_C01	Sunriver
CAP_SRV4_A02	Sunriver
CAP_SRV4_B01	Sunriver
CAP_SRV4_D01	Sunriver
CAP_SRV4_F01	Sunriver
CAP_SRV4_G01	Sunriver
CAP_SRV4_H01	Sunriver
CAP_SRV4_I01	Sunriver
CAP_SRV4_J01	Sunriver
CAP_SRV4_K01	Sunriver
CAP_SRV4_L01	Sunriver
CAP_SRV4_M01	Sunriver
SCSW14AUG18_1	SW_Slough_Camp
SCSW14AUG18_10	SW_Slough_Camp
SCSW14AUG18_11	SW_Slough_Camp
SCSW14AUG18_12	SW_Slough_Camp
SCSW14AUG18_13	SW_Slough_Camp
SCSW14AUG18_16	SW_Slough_Camp
SCSW14AUG18_17	SW_Slough_Camp
SCSW14AUG18_2	SW_Slough_Camp
SCSW14AUG18_4	SW_Slough_Camp
SCSW14AUG18_8	SW_Slough_Camp
SCSW15AUG18_3	SW_Slough_Camp
SCSW15AUG18_4	SW_Slough_Camp
SCSW15AUG18_5	SW_Slough_Camp
SCSW22MAY18_3	SW_Slough_Camp
SCSW23MAY18_1	SW_Slough_Camp
SCSW23MAY18_3	SW_Slough_Camp
SCSW23MAY18_4	SW_Slough_Camp
OSF_E414	Trout_Lk
OSF_E407	Trout_Lk
OSF_E406	Trout_Lk
OSF_E403	Trout_Lk
OSF_E415	Trout_Lk
OSF_E402	Trout_Lk
OSF_E408	Trout_Lk
OSF_E410	Trout_Lk
OSF_E404	Trout_Lk
OSF_E420	Trout_Lk
OSF_E416	Trout_Lk
OSF_E401	Trout_Lk
OSF_E405	Trout_Lk
OSF_E409	Trout_Lk
OSF_E418	Trout_Lk
OSF_E411	Trout_Lk
OSF_E412	Trout_Lk
OSF_ERAAU_1	U_Dempsey_Cr
OSF_ERAAU_2	U_Dempsey_Cr
OSF_ERAAU_3	U_Dempsey_Cr
OSF_ERAAU_4	U_Dempsey_Cr
221453	Upp_Deschutes
221678	Upp_Deschutes
USGS_221449	Upp_Deschutes
USGS_221699	Upp_Deschutes
221465	Upp_Deschutes
221961	Upp_Deschutes
USGS_222183	Upp_Deschutes
221740	Upp_Deschutes
USGS_221715	Upp_Deschutes
USGS_221725	Upp_Deschutes
221393	Upper_Williamson_River
221543	Upper_Williamson_River
221555	Upper_Williamson_River
221570	Upper_Williamson_River
221592	Upper_Williamson_River
221605	Upper_Williamson_River
221321	Upper_Williamson_River
221333	Upper_Williamson_River
WRBS_A02	Wood_R_Canal
WRBS_B01	Wood_R_Canal
WRBS_C02_CAP	Wood_R_Canal
WRBS_D01	Wood_R_Canal
WRH2_A01	Wood_R_Canal
WRH2_B01	Wood_R_Canal
WRH2_C01	Wood_R_Canal
WRH2_D01	Wood_R_Canal
WRH2_E01	Wood_R_Canal
WRH2_F01	Wood_R_Canal
WRH2_G02_CAP	Wood_R_Canal
WRH2_H01	Wood_R_Canal
WRH2_I02	Wood_R_Canal
WRH2_J01	Wood_R_Canal
WRH2_L01	Wood_R_Canal
WRH2_M02_CAP	Wood_R_Canal
