1	210047
2	210073
3	210191
4	210235
5	221106
6	211751
7	211789
8	211776
9	OSF_E9
10	OSF_E11
11	OSF_E18
12	OSF_E19
13	OSF_E146
14	OSF_E148
15	OSF_E231
16	OSF_E233
17	OSF_E239
18	OSF_E241
19	OSF_E242
20	DEEX_C01
21	WRH2_A01
22	WRH2_B01
23	WRH2_H01
24	WRH2_I02
25	WRH2_J01
26	KM_NWR_MC2_EM01_A1
27	KM_NWR_MC3_EM1_A1
28	KM_NWR_MC3_EM2_A1
29	KM_NWR_MC5_EM01_A1
30	KM_NWR_MC5_EM04_A1
31	KM_NWR_MC5_EM05_A1
32	KM_PEN_RD_EM2_A1
33	KM_PEN_RD_EM4_A1
34	KM_PEN_RD_EM7_A1
35	KMNWRCHOLO_EM03_A1
36	KMNWRCHOLO_EM04_A1
37	KM_CHOL_EM6_A1
38	OSF_E246
39	OSF_E348
40	OSF_E356
41	OSF_E357
42	PD1E_H02
43	DP1W_A01
44	DSBT_A01
45	DEEX_A02
46	WRH2_C01
47	WRH2_D01
48	WRH2_E01
49	WRH2_F01
50	WRH2_L01
51	WRBS_A02
52	WRBS_B01
53	WRBS_D01
54	KM_NWR_MC3_EM3_A1
55	KM_NWR_MC3_EM04_A1
56	KM_NWR_MC3_EM5_A1
57	KM_MC6_EM2_A1
58	KM_NWR_MC7_EM01_A1
59	KM_MC7_EM2_A1
60	KM_PEN_RD_EM8_A1
61	KM_PEN_RD_EM9_A1
62	KM_PEN_RD_EM10_A1
63	CHOL_EM7_A1
64	KM_NWR_DEVINE_EM01_A2
65	KM_NWR_DEVINE_EM02_A1
66	USGS_220449
67	USGS_220356
68	USGS_220341
69	USGS_211875
70	USGS_212263
71	USGS_211861
72	OSF_E20
73	OSF_E138
74	OSF_E139
75	OSF_E234
76	OSF_E236
77	OSF_E237
78	211888
79	211903
80	211848
81	220900
82	220848
83	220870
84	220892
85	220926
86	220677
87	220730
88	221453
89	221678
90	221961
91	221465
92	212359
93	212360
94	OSF_E25
95	OSF_E27
96	OSF_E31
97	OSF_E33
98	OSF_E37
99	OSF_E152
100	OSF_E158
101	OSF_E479
102	OSF_E161
103	OSF_E167
104	OSF_E248
105	OSF_E249
106	OSF_E251
107	OSF_E261
108	OSF_E263
109	OSF_E264
110	OSF_E265
111	OSF_E266
112	OSF_E268
113	OSF_E269
114	OSF_E382
115	OSF_E383
116	OSF_E390
117	OSF_E394
118	OSF_E396
119	DEV_EM10_A1
120	KM_NWR_DEV_EM11_A2
121	KM_NWR_DEV_EM12_A1
122	KM_NWR_DEV_EM13_A1
123	KM_NWR_DEV_EM14_A1
124	KM_NWR_DEV_EM15_A1
125	KM_DEV_EM20_A1
126	KM_DEV_EM22_A1
127	KM_DEV_EM24_A1
128	DEV_EM25_A1
129	4_MILE_BEAV_EM3_A1
130	4MILE_MARSH_EM1_A1
131	4MILE_MARSH_EM2_A1
132	BS_GAG_D_EM3_A1
133	BS_GAG_D_EM5_A2
134	CAP_USGS_KMHQ_A01
135	CAP_SRV1_A01
136	CAP_SRV1_B01
137	CAP_SRV2_A01
138	CAP_SRV3_A01
139	CAP_SRV3_B01
140	CAP_SRV3_C01
141	CAP_SRV3_E01
142	CAP_SRV4_A02
143	CAP_SRV4_B01
144	CAP_SRV4_C01
145	CAP_SRV4_D01
146	CAP_SRV4_E02
147	CAP_SRV4_F01
148	CAP_SRV4_H01
149	CAP_SRV4_I01
150	CAP_SRV4_J01
151	CAP_SRV4_K01
152	CAP_SRV4_M01
153	CAP_SRNT_A03
154	CAP_SRNT_B01
155	CAP_SRNT_C01
156	CAP_SRNT_D02
157	CAP_SRNT_E01
158	CAP_SRNT_F01
159	CAP_SRNT_G01
160	CAP_SRNT_H02
161	CAP_SRNT_I01
162	CAP_LOXW_AO2
163	CAP_LOXW_BO1
164	CAP_LOXW_CO1
165	CAP_LOXW_DO1
166	CAP_LOXW_EO1
167	CAP_LOXW_FO2
168	CAP_LOXW_GO1
169	CAP_LOXW_HO1
170	222255
171	222265
172	222282
173	222293
174	RAPR8_9_22_1
175	RAPR8_9_22_2
176	LJM26JUN18_2_RAPR
177	LJM26JUN18_6_RAPR
178	LJ8AUG19_3_RAPR_F
179	222074
180	211987
181	212003
182	212006
183	211720
184	211698
185	211686
186	OSF_E39
187	OSF_E58
188	OSF_E42
189	OSF_E43
190	OSF_E63
191	OSF_E168
192	OSF_E172
193	OSF_E173
194	OSF_E175
195	OSF_E270
196	OSF_E273
197	OSF_E275
198	OSF_E278
199	OSF_E280
200	OSF_E281
201	OSF_E282
202	OSF_E290
203	OSF_E291
204	OSF_E292
205	OSF_E398
206	OSF_E400
207	OSF_E401
208	OSF_E403
209	OSF_E404
210	CAP_LOXW_KO1
211	CAP_LOXW_LO1
212	CAP_LOXE_A01
213	CAP_LOXE_B01
214	CAP_LOXE_C01
215	CAP_LOXE_D01
216	CAP_LOXE_E02
217	CAP_LOXE_F01
218	CAP_LOXE_G01
219	CAP_LOXE_H01
220	CAP_LOXE_I01
221	CAP_LOXE_J01
222	CAP_LOXE_K01
223	CAP_LOXE_L01
224	CAP_LOXE_M01
225	CAP_NDR_A02
226	CAP_NDR_B01
227	CAP_NDR_C01
228	CAP_NDR_D01
229	CAP_NDR_E01
230	CAP_NDR_F01
231	CAP_NDR_G01
232	CAP_NDR_H01
233	CAP_NDR_I02
234	NDR_J01
235	CAP_NDR_K01
236	CAP_NDR_L01
237	CAP_NDR_M02
238	CAP_NDR_N01
239	CAP_NDR_O01
240	CAP_NDR_P01
241	CAP_NDR_R01
242	CAP_NDR_S01
243	CAP_NDR_T01
244	CAP_FWY2_A01
245	CAP_FWY2_B01
246	CAP_FWY2_C02
247	CAP_FWY2_D01
248	CAP_FWY2_E02
249	CAP_BUL_A01
250	CAP_BUL_B03
251	CAP_BUL_D01
252	CAP_BUL_E01
253	CAP_BUL_G01
254	CAP_BUL_H01
255	CAP_BUL_I01
256	CAP_BUL_J02
257	CAP_BUL_K02
258	CAP_BUL_L02
259	CAP_BUL_M02
260	CAP_BUL_N01
261	211671
262	211647
263	211610
264	211621
265	211594
266	JME29AUG_11
267	JME29AUG_7
268	JME29AUG_9
269	211419
270	K16AUG17_01
271	KM11SEPT19_1X
272	KM11SEPT19_2X
273	16AUG22RAPR1BEAV
274	18AUG22BEAVRAPR10
275	18AUG22BEAVRAPR15
276	17AUG22CABINRAPR1
277	OSF_E64
278	OSF_E65
279	OSF_E66
280	OSF_E67
281	OSF_E68
282	OSF_E176
283	OSF_E177
284	OSF_E179
285	OSF_E183
286	OSF_E293
287	OSF_E294
288	OSF_E296
289	OSF_E297
290	OSF_E298
291	OSF_E299
292	OSF_E305
293	OSF_E308
294	OSF_E311
295	OSF_E406
296	OSF_E411
297	OSF_E412
298	OSF_E415
299	OSF_E416
300	CAP_BUL_R01
301	CAP_BUL_S01
302	CAP_BUL_T02
303	CAP_BUL_V02
304	CAP_BUL_W01
305	CAP_BUL_X02
306	CAP_NCP_A01
307	CAP_NCP_B01
308	CAP_NCP_D02
309	CAP_NCP_E03
310	CAP_NCP_F01
311	CAP_NCP_H01
312	CAP_NCP_I01
313	CAP_NCP_J02
314	CAP_NCP_K01
315	CAP_NCP_L01
316	CAP_NCP_M01
317	CAP_NCP_N01
318	CAP_NCP_P01
319	CAP_NCP_Q01
320	CAP_NCP_R01
321	CAP_NCP_S02
322	CAP_NCP_T02
323	CAP_NCP_V01
324	CAP_SRNT_K01
325	CAP_SRNT_L01
326	CAP_SRNT_M01
327	CAP_SRNT_N01
328	CAP_SRNT_O02
329	CAP_SRNT_R03
330	CAP_SRNT_S02
331	CAP_SRDP_A01
332	CAP_SRDP_B01
333	CAP_SRDP_C02
334	CAP_SRDP_D02
335	CAP_SRDP_E01
336	CAP_SRDP_F01
337	CAP_SRDP_G02
338	CAP_SRDP_H01
339	CAP_SRDP_I02
340	CAP_SRDP_J01
341	CAP_SRFW_A01
342	CAP_SRFW_B01
343	CAP_SRFW_C01
344	CAP_SRFW_D01
345	CAP_SRFW_E01
346	CAP_SRFW_F01
347	CAP_SRFW_G02
348	CAP_BIMA_A01
349	CAP_BIMA_B01
350	CAP_BIMA_C02
351	USGS_210631
352	USGS_210736
353	USGS_210754
354	USGS_211813
355	USGS_221631
356	USGS_221843
357	USGS_221870
358	USGS_221891
359	USGS_221905
360	USGS_221920
361	USGS_220198
362	SCE1AUG17_03
363	SCE1AUG17_05
364	SCE1AUG17_26
365	SCE2AUG17_31
366	SCE2AUG17_32
367	OSF_E86
368	OSF_E88
369	OSF_E89
370	OSF_E91
371	OSF_E94
372	OSF_E198
373	OSF_E200
374	OSF_E201
375	OSF_E208
376	OSF_E217
377	OSF_E328
378	OSF_E329
379	OSF_E330
380	OSF_E331
381	OSF_E332
382	OSF_E333
383	OSF_E334
384	OSF_E335
385	OSF_E336
386	OSF_E337
387	OSF_E428
388	OSF_E429
389	OSF_E430
390	OSF_E431
391	OSF_E432
392	CAP_MEXC_B02
393	CAP_MEXC_C03
394	CAP_MEXC_D02
395	CAP_MEXC_E03
396	CAP_MEXC_F03
397	CAP_P5N_A01
398	CAP_P5N_B01
399	CAP_P5N_C02
400	CAP_P5N_D01
401	CAP_P5N_E01
402	CAP_P5N_F02
403	CAP_P5N_G01
404	CAP_P5N_H01
405	CAP_P5N_I01
406	CAP_P5N_J01
407	CAP_P5N_K01
408	Farris_EM1_C
409	ParsnipLkBeavPondSiteB2
410	ParsnipLkBeavPondSiteB3
411	ParsnipLkBeavPondSiteB4
412	ParsnipLkBeavPondSiteB8
413	ParsnipLkBeavPondSiteB10
414	ParsnipLkBeavPondSiteB11
415	ParsnipLkBeavPondSiteB12
416	ParsnipLkBeavPondSiteB14
417	ParsnipLkBeavPondSiteA1
418	ParsnipLkBeavPondSiteA2
419	ParsnipLkLowerMarsh1
420	ParsnipLkMiddlePond1
421	D1547Crane
422	Crane44536
423	Crane3734A
424	Crane36C6B
425	A5003Crane
426	Crane87C6B
427	Crane63F52
428	Crane40354
429	Crane3293A
430	Crane21240
431	Crane03EO3
432	A7466Crane
433	A4470Crane
434	E5C0ACrane
435	Crane9082A
436	Crane3156C
437	CrPh2_sw_1_26_Apr_12_A
438	CrPh2_D_4_A
439	CrPh2_5_A
440	CrPh2_D_7_26_Apr_12_A
441	CrPh2_9_A
442	CrPh2_D_10_26_Apr_12_A
443	CrPh2_D_11_A
444	USGS_210049
445	USGS_210101
446	USGS_210114
447	USGS_210127
448	USGS_210151
449	USGS_210168
450	USGS_210260
451	USGS_210281
452	USGS_210288
453	USGS_211563
454	USGS_220435
455	USGS_220327
456	USGS_210015
457	USGS_222199
458	USGS_222225
459	BP26JUN19_2_RAPR_U
460	BP26JUN19_4_RAPR_U
461	USGS_221121
462	USGS_212134
463	HOGCRWHTHSE212407
464	HOG_WH01_212130
465	HOG_WH02_212131
466	HOG_WH04_212133
467	RAPRF_1_KC_19JUN19
468	USGS_211940
469	USGS_211958
470	USGS_211927
471	USGS_211740
472	USGS_211804
473	USGS_212180
474	USGS_212197
475	USGS_220141
476	USGS_220182
477	USGS_221071
478	USGS_220944
479	USGS_221056
480	USGS_220975
481	USGS_220915
482	USGS_220689
483	LCL11JUL19_1_RAPR_F
484	RAPR_CRANE_1_20SEPT22
485	RAPR_CRANE_4_20SEPT22
486	RAPRCrane_2_20Sept22
487	RAPRCrane_1_22Sept22
488	RAPRCrane_2_22Sept22
489	USGS_221449
490	USGS_221699
491	USGS_222183
492	USGS_221715
493	USGS_221725
494	OSF_E1
495	OSF_E2
496	OSF_E3
497	OSF_E4
498	OSF_E5
499	OSF_E6
500	OSF_E7
501	OSF_E8
502	OSF_E10
503	OSF_E12
504	OSF_E13
505	OSF_E141
506	OSF_E143
507	OSF_E144
508	OSF_E145
509	OSF_E147
510	OSF_E149
511	OSF_E150
512	OSF_E151
513	OSF_E235
514	OSF_E243
515	OSF_E244
516	OSF_E245
517	OSF_E247
518	OSF_E250
519	OSF_E252
520	OSF_E283
521	OSF_E344
522	OSF_E345
523	OSF_E346
524	OSF_E347
525	OSF_E349
526	OSF_E350
527	OSF_E351
528	OSF_E352
529	WRH2_M02_CAP
530	WRBS_C02_CAP
531	KM_NWR_MC5_EM03_A1
532	KM_NWR_MC5_EM06_A1
533	M6_6_EM03_A1
534	PEN_RD_EM3_A1
535	KM_RI_Pnd_EM1_A1
536	KM_RI_Pnd_EM2_A1
537	KM_RI_Pnd_EM3_A1
538	17AUG22CABINRAPR_2
539	17AUG22CABINRAPR_3
540	17AUG22CABINRAPR_4
541	16AUG22RAPR1_UN
542	16AUG22RAPR2_UN
543	16AUG22RAPR3_UN
544	16AUG22RAPR4_UN
545	16AUG22RAPR5_UN
546	17AUG22_UN_RAPR_10
547	17AUG22_UN_RAPR_6
548	17AUG22_UN_RAPR_8
549	17AUG22RAPR5
550	12JUL22_WINOPEE_2
551	210374
552	210469
553	210530
554	OSF_E69
555	OSF_E70
556	OSF_E71
557	OSF_E72
558	OSF_E85
559	OSF_E186
560	OSF_E187
561	OSF_E189
562	OSF_E190
563	OSF_E192
564	OSF_E313
565	OSF_E314
566	OSF_E315
567	OSF_E321
568	OSF_E322
569	OSF_E323
570	OSF_E324
571	OSF_E325
572	OSF_E326
573	OSF_E327
574	OSF_E417
575	OSF_E419
576	OSF_E423
577	OSF_E426
578	OSF_E427
579	CAP_BIMA_F02
580	CAP_BIMA_G02
581	CAP_BIMA_H02
582	CAP_BIMA_I02
583	CAP_BIMA_L02
584	CAP_BIMA_O01
585	CAP_BIMA_P01
586	CAP_BIMA_S02
587	CAP_BIMA_T01
588	CAP_BIMA_U02
589	CAP_BIMA_X02
590	CAP_BIMA_CC02
591	CAP_LHS_A01
592	CAP_LHS_B01
593	CAP_LHS_C01
594	CAP_LHS_D01
595	CAP_LDBO_A01
596	CAP_LDBO_B01
597	CAP_LDBO_C02
598	CAP_LDBO_E01
599	CAP_LDBO_F01
600	CAP_USGS_LDBO_G01
601	CAP_LDBP_A01
602	CAP_LDBP_B02
603	CAP_LDBP_C01
604	CAP_LDBP_D01
605	CAP_LDBP_E01
606	CAP_LDBP_F01
607	CAP_RDMP_A02
608	CAP_RDMP_B01
609	CAP_RDMP_C02
610	CAP_RDMP_E02
611	CAP_RDMP_G01
612	CAP_RDMP_H03
613	CAP_RDMP_I01
614	CAP_USGS_EFSOX_A01
615	CAP_USGS_EFSOX_B01
616	CAP_USGS_EFSOX_C01
617	CAP_USGS_EFSOX_D01
618	CAP_USGS_EFSOX_E01
619	CAP_USGS_EFSOX_F01
620	CAP_USGS_EFSOX_G01
621	CAP_USGS_EFSOX_H01
622	CAP_CTNO_A02
623	CAP_CTMO_B01
624	CAP_CTMO_D01
625	CAP_CTWO_A01
626	CAP_CTWOB_A01
627	CAP_MEXC_A01
628	221740
629	221199
630	221203
631	221208
632	221212
633	221481
634	212342
635	212343
636	212348
637	212349
638	212350
639	212352
640	212353
641	212354
642	212355
643	212357
644	212358
645	212363
646	222243
647	RAPR8_9_22_3
648	RAPR8_9_22_4
649	RAPR8_9_22_5
650	RAPR8_9_22_6
651	RAPR8_9_22_7
652	RAPR8_9_22_8
653	RAPR8_9_22_9
654	212299
655	212300
656	212301
657	212302
658	212303
659	212304
660	212305
661	212306
662	212307
663	212222
664	212223
665	212224
666	212308
667	212336
668	212337
669	212338
670	212339
671	212340
672	221510
673	221532
674	212226
675	212227
676	212228
677	212229
678	OSF_E14
679	OSF_E15
680	OSF_E16
681	OSF_E21
682	OSF_E22
683	OSF_E23
684	OSF_E24
685	OSF_E26
686	OSF_E28
687	OSF_E29
688	OSF_E32
689	OSF_E153
690	OSF_E154
691	OSF_E155
692	OSF_E156
693	OSF_E157
694	OSF_E159
695	OSF_E162
696	OSF_E163
697	OSF_E284
698	OSF_E285
699	OSF_E286
700	OSF_E289
701	OSF_E295
702	OSF_E300
703	OSF_E301
704	OSF_E302
705	OSF_E353
706	OSF_E354
707	OSF_E355
708	OSF_E384
709	OSF_E385
710	OSF_E386
711	OSF_E387
712	OSF_E388
713	RICK_EM01_A1
714	KM_NWR_DEV_EM03_A1
715	DEV_EM04_A1
716	KM_DEV_EM7_A2
717	KM_NWR_DEV_EM16_A2
718	KM_NWR_DEV_EM17_A1
719	KM_DEV_EM18_A1
720	4_MILE_BEAV01_A1
721	4_MILE_BEAV02_A2
722	OSF_E381R
723	212230
724	LJM26JUN18_1_M_EG
725	LJM26JUN18_10_F_EG
726	LJM26JUN18_3_F_EG
727	LJM26JUN18_4_M_EG
728	LJM26JUN18_5_M_EG
729	LJM26JUN18_7_F_EG
730	LJM26JUN18_8_M_EG
731	LJM26JUN18_9_F_EG
732	LJM27JUN18_1_M_EH
733	LJM27JUN18_2_M_EH
734	LJM27JUN18_3_F_EH
735	LJM27JUN18_4_F_H
736	LJM27JUN18_5_M_H
737	LJM27JUN18_6_F_H
738	LJ8AUG19_1_RAPR_M
739	LJ8AUG19_2_RAPR_F
740	LJ8AUG19_4_RAPR_F
741	222108
742	222117
743	222138
744	222149
745	222166
746	222340
747	221986
748	222014
749	222027
750	222045
751	212152
752	212027
753	212064
754	212086
755	JME29AUG_1
756	JME29AUG_10
757	JME29AUG_2
758	JME29AUG_3
759	JME29AUG_4
760	JME29AUG_5
761	JME29AUG_8
762	JME30AUG_1
763	JME30AUG_3
764	JME30AUG_4
765	JAMUP17JUL18_1
766	JAMUP17JUL18_2
767	JAMUP17JUL18_3
768	JAMUP17JUL18_4
769	JAMUP17JUL18_5
770	JAMUP18JUL18_1
771	211430
772	212341
773	OSF_E34
774	OSF_E35
775	OSF_E36
776	OSF_E38
777	OSF_E40
778	OSF_E41
779	OSF_E61
780	OSF_E62
781	OSF_E73
782	OSF_E81
783	OSF_E82
784	OSF_E164
785	OSF_E165
786	OSF_E166
787	OSF_E169
788	OSF_E170
789	OSF_E171
790	OSF_E178
791	OSF_E180
792	OSF_E304
793	OSF_E306
794	OSF_E307
795	OSF_E309
796	OSF_E310
797	OSF_E312
798	OSF_E316
799	OSF_E317
800	OSF_E389
801	OSF_E391
802	OSF_E392
803	OSF_E393
804	OSF_E395
805	OSF_E397
806	OSF_E402
807	OSF_E405
808	KM_BS_GAG_D_EM1_A1
809	BS_GAG_D_EM4_A1
810	BS_GAG_D_EM6_A1
811	CAP_SRV4_G01
812	CAP_SRV4_L01
813	CAP_NDR_Q01
814	CAP_NCP_C01
815	CAP_NCP_O03
816	CAP_SRNT_J02
817	OSF_E303R
818	CAP_BIMA_Q01R
819	USGS_212351
820	USGS_212362
821	Soxbow_1_5_25_22
822	Soxbow_2_5_26_22
823	SUNCRRAPR120Sept22
824	BP15AUG17_01
825	BP15AUG17_02
826	BP16Aug17_01
827	CN1_11SEPT18_1
828	CN1_11SEPT18_2
829	KM10SEPT19_2x
830	KM11Sept19_1
831	KM10SEPT19_1x
832	K16AUG17_02
833	K16AUG17_03
834	K16AUG17_04
835	K17AUG17_01
836	K17AUG17_02
837	SE1_11SEPT18_1
838	TW3_12SEPT18_1
839	WNG15Aug17_01
840	WNG15AUG17_02
841	WNG15AUG17_03
842	WNG15AUG17_04
843	WNG16Aug17_02
844	WNG16AUG17_1
845	W2_1_13Sept18
846	W5_1_11Sept18
847	Beaver_RAPR_11_18AUG22
848	Beaver_RAPR_12_18AUG22
849	Beaver_RAPR_13_18AUG22
850	Beaver_RAPR_14_18AUG22
851	Beaver_RAPR_16_18AUG22
852	Beaver_RAPR_9_18AUG22
853	CabinRAPR_5_17AUG22
854	UN_RAPR_7_17AUG22
855	UN_RAPR_9_17AUG22
856	MUSK_1_LF1_12JUL22
857	MUSK_2_LF1_12JUL22
858	MUSK_3_LF1_12JUL22
859	Winopee_1_12JUL22
860	USGS_210307
861	USGS_210329
862	USGS_210393
863	USGS_210408
864	USGS_210428
865	USGS_210454
866	USGS_210492
867	USGS_210511
868	USGS_210570
869	OSF_E83
870	OSF_E84
871	OSF_E87
872	OSF_E90
873	OSF_E92
874	OSF_E93
875	OSF_E95
876	OSF_E96
877	OSF_E97
878	OSF_E121
879	OSF_E122
880	OSF_E181
881	OSF_E184
882	OSF_E185
883	OSF_E188
884	OSF_E191
885	OSF_E195
886	OSF_E196
887	OSF_E197
888	OSF_E318
889	OSF_E319
890	OSF_E320
891	OSF_E340
892	OSF_E407
893	OSF_E408
894	OSF_E409
895	OSF_E410
896	OSF_E414
897	OSF_E418
898	OSF_E420
899	OSF_E422
900	OSF_E424
901	OSF_E425
902	OSF_E435
903	OSF_E440
904	CAP_SRNT_P01
905	CAP_BIMA_Z02
906	CAP_BIMA_BB02
907	CAP_LHS_E01
908	CAP_LDBO_D01
909	CAP_RDMP_F01
910	CAP_CTMO_A01
911	CAP_CTMO_C01
912	Farris_EM2_A
913	210605
914	210613
915	210652
916	212047
917	221656
918	221615
919	221855
920	221936
921	SCOT_8_10_22_RF1_1
922	SCOT_8_10_22_RF1_2
923	LDR_62_4_17_19_19
924	LDR_62_4_17_19_20
925	LDR_62_4_17_19_21
926	LDR_62_4_17_19_22
927	LDR_62_4_17_19_23
928	LDR_62_2_18_SEP_18
929	LDR_62_6_18_SEP_18
930	220308
931	220215
932	220226
933	220241
934	220281
935	SCE1AUG17_06
936	220293
937	SCE1AUG17_01
938	SCE1AUG17_04
939	SCE1AUG17_08
940	SCE3OCT17_02
941	SCE1AUG17_09
942	SCE1AUG17_29
943	SCE2AUG17_36
944	SCE3AUG17_14
945	SCE4OCT17_01
946	SCSW14AUG18_12
947	SCE4OCT17_08
948	SCE4OCT17_35
949	SCSW14AUG18_1
950	SCSW14AUG18_10
951	SCSW14AUG18_11
952	SCSW14AUG18_13
953	SCSW22MAY18_2
954	SCSW14AUG18_16
955	SCSW14AUG18_17
956	SCSW14AUG18_2
957	SCSW14AUG18_4
958	SCSW14AUG18_8
959	SCSW15AUG18_3
960	SCSW15AUG18_4
961	SCSW15AUG18_5
962	SCSW22MAY18_3
963	OSF_E124
964	OSF_E125
965	OSF_E126
966	OSF_E127
967	OSF_E130
968	OSF_E131
969	OSF_E132
970	OSF_E133
971	OSF_E134
972	OSF_E135
973	OSF_E137
974	OSF_E199
975	OSF_E202
976	OSF_E204
977	OSF_E205
978	OSF_E206
979	OSF_E207
980	OSF_E209
981	OSF_E210
982	OSF_E211
983	OSF_E212
984	OSF_E215
985	OSF_E216
986	OSF_E218
987	OSF_E219
988	OSF_E221
989	OSF_E222
990	OSF_E223
991	OSF_E225
992	OSF_E226
993	OSF_E228
994	OSF_E229
995	FARRIS_EM3_C
996	FARRIS_EM4_A
997	FARRIS_EM5_D
998	FARRIS_EM6_D
999	PARSLKBVPNDSITEB_1
1000	PARSLKBVPNDSITEB_5
1001	PARSLKBVPNDSITEB_6
1002	PARSLKBVPNDSITEB_9
1003	PRSLKBVPNDSITEB_13
1004	A751D_CRANE
1005	A766A_CRANE
1006	OSF_E136_R
1007	OSF_E174_R
1008	SCE2AUG17_35
1009	OSF_E98
1010	OSF_E99
1011	OSF_E100
1012	OSF_E123
1013	OSF_E361
1014	OSF_E362
1015	OSF_E363
1016	OSF_E364
1017	OSF_E224
1018	OSF_E227
1019	OSF_E230
1020	OSF_E338
1021	OSF_E339
1022	OSF_E341
1023	OSF_E342
1024	OSF_E343
1025	OSF_E433
1026	OSF_E434
1027	OSF_E436
1028	OSF_E437
1029	OSF_E438
1030	OSF_E439
1031	5APR13_CCP2_1_1_A
1032	5APR13_CCP2_1_2_A
1033	5APR13_CCP2_2_1_A
1034	5APR13_CCP2_3_1_A
1035	5APR13_CCP2_3_2_A
1036	5APR13CCP2_3_3_A
1037	18APR13NWOXI_4_1_C
1038	18APR13NWOXI_5_1_B
1039	18APR13_NWPD_1_1_B
1040	18APR13_NWPD_2_1_A
1041	18APR13_NWPD_2_2_A
1042	18APR13_NWPD_2_4_A
1043	SCSW23MAY18_4
1044	221605
1045	221592
1046	221555
1047	221543
1048	221570
1049	221333
1050	221321
1051	DP7EA02_CAP
1052	DP6_A01_CAP
1053	DP6_B01_CAP
1054	DP6_C01_CAP
1055	DP6_E01_CAP
1056	DP6_F01
1057	DP6_G01
1058	DP6_H02_CAP
1059	DP6_J01_CAP
1060	PD1E_A01_CAP
1061	PD1E_B01_CAP
1062	PD1E_C02_CAP
1063	PD1E_D01_CAP
1064	PD1E_E01_CAP
1065	18APR13_NWPD_3_1_A
1066	18APR13_NWPD_3_2_A
1067	18APR13_NWPD_3_3_A
1068	18APR13_NWPD_3_4_A
1069	18APR13NWDX2_6_1_A
1070	18APR13NWDX2_6_2_A
1071	18APR13NWDX2_6_3_A
1072	18APR13NWDX2_6_4_C
1073	18APR13NWDX2_7_1_B
1074	SCSW23MAY18_1
1075	SCSW23MAY18_3
1076	43510_CRANE
1077	CRPH2_D3_26APR12_A
1078	CRPH2_D8_26APR12_A
1079	18APR13_NWPD_2_3_B
1080	18APR13_NWPD_2_5_A
1081	221393
1082	DP6_D01_CAP
1083	DP6_I01_CAP
1084	18APR13NWDX2_7_2_A
1085	18APR13NWDX2_7_3_A
1086	KM_NWR_MC3_EM6_A1
1087	KM_MC_7_EM3_A1
1088	KM_CHOL_EM1_A1
1089	222209
1090	212274
1091	OSF_E142
1092	OSF_E238
1093	OSF_E358
1094	DEEX_B02_CAP
1095	WRH2_G02_CAP
1096	KM_NWR_MC1_EM01_A1
1097	KM_NWR_MC4_EM02_A1
1098	KM_MC_8_EM1_A1
1099	KMNWR_CHOLO_EM2_A1
1100	PRSPLKBEAVPNDST_B7
1101	OSF_E182R
1102	CAP_RDMP_D01R
